date,item_id,inventory_level,sales,incoming_stock
2024-01-01,C303,476,60,86
2024-01-02,A101,382,63,84
2024-01-03,C303,732,17,93
2024-01-04,C303,727,36,62
2024-01-05,A101,844,36,63
2024-01-06,A101,358,30,48
2024-01-07,C303,458,39,31
2024-01-08,B202,809,37,114
2024-01-09,C303,555,73,65
2024-01-10,C303,510,78,149
2024-01-11,C303,748,70,54
2024-01-12,C303,417,57,100
2024-01-13,A101,776,28,109
2024-01-14,C303,324,13,27
2024-01-15,B202,918,44,112
2024-01-16,A101,333,73,109
2024-01-17,B202,783,58,134
2024-01-18,B202,763,26,124
2024-01-19,B202,926,53,77
2024-01-20,B202,473,39,133
2024-01-21,A101,771,55,94
2024-01-22,A101,707,15,139
2024-01-23,B202,571,46,40
2024-01-24,B202,332,33,120
2024-01-25,A101,791,55,118
2024-01-26,A101,212,62,55
2024-01-27,A101,929,69,115
2024-01-28,C303,596,72,56
2024-01-29,C303,541,94,31
2024-01-30,C303,663,41,132
2024-01-31,B202,367,96,32
2024-02-01,C303,609,42,42
2024-02-02,B202,906,76,118
2024-02-03,B202,485,27,124
2024-02-04,C303,486,34,49
2024-02-05,B202,212,63,36
2024-02-06,C303,712,67,132
2024-02-07,C303,724,76,81
2024-02-08,A101,180,55,103
2024-02-09,C303,798,33,131
2024-02-10,A101,212,41,105
2024-02-11,C303,101,56,38
2024-02-12,C303,741,95,119
2024-02-13,A101,319,32,95
2024-02-14,A101,665,75,28
2024-02-15,C303,954,36,47
2024-02-16,B202,835,11,147
2024-02-17,A101,324,99,71
2024-02-18,B202,484,26,102
2024-02-19,B202,502,42,130
2024-02-20,B202,737,18,136
2024-02-21,A101,229,52,88
2024-02-22,B202,152,57,118
2024-02-23,A101,783,48,44
2024-02-24,B202,829,51,142
2024-02-25,C303,771,35,72
2024-02-26,C303,809,59,76
2024-02-27,A101,515,34,58
2024-02-28,C303,346,33,128
2024-02-29,C303,935,22,61
2024-03-01,B202,538,69,141
2024-03-02,A101,302,16,94
2024-03-03,B202,283,66,95
2024-03-04,B202,222,45,28
2024-03-05,B202,500,54,93
2024-03-06,B202,866,29,26
2024-03-07,B202,393,74,46
2024-03-08,B202,379,17,141
2024-03-09,B202,936,25,24
2024-03-10,A101,983,23,48
2024-03-11,C303,709,85,102
2024-03-12,B202,297,96,128
2024-03-13,B202,610,24,84
2024-03-14,B202,851,75,105
2024-03-15,B202,243,41,90
2024-03-16,B202,708,96,64
2024-03-17,B202,300,72,55
2024-03-18,C303,223,95,89
2024-03-19,C303,286,60,38
2024-03-20,B202,425,34,127
2024-03-21,C303,563,67,110
2024-03-22,A101,448,72,109
2024-03-23,B202,870,71,38
2024-03-24,A101,759,31,58
2024-03-25,A101,863,67,145
2024-03-26,B202,502,67,145
2024-03-27,C303,445,95,77
2024-03-28,A101,610,58,80
2024-03-29,B202,246,61,146
2024-03-30,A101,247,51,124
2024-03-31,A101,963,79,20
2024-04-01,A101,810,24,111
2024-04-02,A101,919,63,132
2024-04-03,C303,588,69,75
2024-04-04,A101,739,17,136
2024-04-05,A101,650,62,77
2024-04-06,A101,437,69,63
2024-04-07,C303,971,14,80
2024-04-08,A101,740,77,66
2024-04-09,A101,878,15,99
2024-04-10,C303,572,56,137
2024-04-11,C303,250,64,39
2024-04-12,C303,514,49,66
2024-04-13,A101,397,61,68
2024-04-14,C303,710,25,33
2024-04-15,C303,362,22,20
2024-04-16,A101,863,39,136
2024-04-17,C303,243,28,73
2024-04-18,A101,445,26,137
2024-04-19,B202,723,72,22
2024-04-20,C303,671,28,31
2024-04-21,B202,980,67,93
2024-04-22,A101,101,64,35
2024-04-23,C303,996,99,121
2024-04-24,A101,403,99,136
2024-04-25,B202,353,71,27
2024-04-26,A101,751,32,141
2024-04-27,C303,552,18,111
2024-04-28,C303,136,21,109
2024-04-29,B202,259,10,79
2024-04-30,A101,108,67,47
2024-05-01,C303,332,10,120
2024-05-02,B202,198,43,60
2024-05-03,C303,758,57,65
2024-05-04,C303,915,98,54
2024-05-05,A101,307,10,101
2024-05-06,C303,230,25,134
2024-05-07,A101,503,70,66
2024-05-08,C303,251,73,29
2024-05-09,B202,153,72,75
2024-05-10,C303,219,78,49
2024-05-11,A101,772,31,128
2024-05-12,A101,727,76,24
2024-05-13,B202,686,85,138
2024-05-14,C303,724,35,52
2024-05-15,C303,519,25,137
2024-05-16,B202,521,60,84
2024-05-17,C303,203,95,30
2024-05-18,C303,951,66,104
2024-05-19,A101,353,38,45
2024-05-20,C303,326,87,82
2024-05-21,C303,211,78,105
2024-05-22,B202,609,56,78
2024-05-23,B202,572,71,46
2024-05-24,A101,198,78,117
2024-05-25,C303,252,85,124
2024-05-26,C303,960,25,118
2024-05-27,C303,995,99,148
2024-05-28,A101,977,99,74
2024-05-29,A101,437,57,25
2024-05-30,B202,805,94,114
2024-05-31,A101,921,48,121
2024-06-01,C303,262,42,22
2024-06-02,C303,819,32,42
2024-06-03,A101,780,19,72
2024-06-04,C303,260,78,102
2024-06-05,C303,679,43,104
2024-06-06,A101,900,61,97
2024-06-07,A101,497,19,129
2024-06-08,C303,376,28,20
2024-06-09,C303,915,67,70
2024-06-10,C303,603,10,23
2024-06-11,B202,995,78,132
2024-06-12,B202,491,13,51
2024-06-13,B202,234,25,53
2024-06-14,A101,294,33,111
2024-06-15,B202,500,89,114
2024-06-16,A101,739,11,91
2024-06-17,A101,132,41,58
2024-06-18,B202,787,93,137
2024-06-19,B202,559,33,22
2024-06-20,B202,982,21,142
2024-06-21,C303,569,59,69
2024-06-22,B202,474,44,31
2024-06-23,C303,121,42,73
2024-06-24,A101,849,42,76
2024-06-25,C303,769,70,131
2024-06-26,B202,137,60,66
2024-06-27,A101,329,52,104
2024-06-28,A101,464,21,85
